Student Name, Game, Difficulty, Level, Score
S1, Stranded - Theory, hard, 11,100
S1, Stranded - Theory, hard, 12,100
S1, Stranded - Coding, hard, 11,100
S1, Memory Cards - Theory, hard, 11,100
S1, Stranded - Coding, hard, 1012,100
S1, Stranded - Coding, hard, 1112,100
S1, Stranded - Theory, easy, 1,100
S1, Stranded - Coding, easy, 1,100
S1, Stranded - Theory, hard, 1,100
S2, Stranded - Theory, hard, 11,100
S2, Stranded - Theory, hard, 12,100
S2, Stranded - Coding, hard, 11,100
S2, Memory Cards - Theory, hard, 11,100
S2, Stranded - Coding, hard, 1012,100
S2, Stranded - Coding, hard, 1112,100
S2, Stranded - Theory, easy, 1,100
S2, Stranded - Coding, easy, 1,100
S2, Stranded - Theory, hard, 1,100
